award_id,recipient,amount,description,psc_code,naics_code,start_date,end_date,agency
N0001917C0001,LOCKHEED MARTIN CORPORATION,35135514910.2,LRIP LOT 12 ADVANCE ACQUISITION CONTRACT,,336411,2017-11-17,2031-03-31,Department of Defense
N0001902C3002,LOCKHEED MARTIN CORPORATION,34173959111.96,200204!008532!1700!AF600 !NAVAL AIR SYSTEMS COMMAND       !N0001902C3002  !A!N! !N!                   !20011026!20120430!008016958!008016958!834951691!N!LOCKHEED MARTIN CORPORATION   !LOCKHEED BLVD   ,,336411,2001-10-26,2022-12-16,Department of Defense
FA862511C6600,THE BOEING COMPANY,31960918249.03,KC-X MODERNIZATION PROGRAM,,336411,2011-02-24,2027-07-31,Department of Defense
N0001920C0009,LOCKHEED MARTIN CORPORATION,30113345947.93,THE PURPOSE OF THIS MODIFICATION IS TO AWARD F-35A LRIP 15 USAF  AIRCRAFT* LONG LEAD FUNDING,,336411,2019-11-26,2028-06-01,Department of Defense
N0001923C0003,LOCKHEED MARTIN CORPORATION,24499534829.0,THE PURPOSE OF THIS CONTRACT IS TO AWARD LONG LEAD FUNDING FOR F-35A  F-35B  AND F-35C AIRCRAFT FOR U.S. SERVICES  NON-DOD PARTNERS  AND FMS CUSTOMERS,,336411,2022-12-23,2030-09-30,Department of Defense
N0001914C0067,THE BOEING COMPANY,18129749821.79,USN P-8A FRP II LONG LEAD MATERIAL,,336411,2014-08-14,2026-06-22,Department of Defense
N0001916C0033,LOCKHEED MARTIN CORPORATION,12269145508.23,LRIP 11 AAC,,336411,2015-12-21,2031-03-31,Department of Defense
FA861404C2004,THE BOEING COMPANY,11086769499.68,,,336411,2003-10-02,2017-10-31,Department of Defense
N0001907C0001,BELL BOEING JOINT PROJECT OFFICE,11040980157.1,MV-22 AIRCRAFT - FY08 (LOT 12)*,,336411,2007-04-02,2018-08-06,Department of Defense
N0001915C0003,LOCKHEED MARTIN CORPORATION,10550927664.07,LRIP 10 AAC,,336411,2015-05-26,2032-12-31,Department of Defense
N0001918C1037,NORTHROP GRUMMAN SYSTEMS CORPORATION,8452894780.67,E-2D ADVANCED HAWKEYE AIRCRAFT (FRP-7),,336411,2018-02-15,2031-12-31,Department of Defense
N0001921C0020,LOCKHEED MARTIN CORPORATION,7953264130.5,FY21-23 GLOBAL F-35 AIR SYSTEM SUSTAINMENT,,336411,2020-12-31,2027-12-30,Department of Defense
N0001904C3146,THE BOEING COMPANY,7633729888.76,,,336411,2004-06-29,2026-08-31,Department of Defense
W58RGZ16C0023,THE BOEING COMPANY,7404066078.31,W58RGZ-16-C-0023 IS FOR THE AWARD OF ADVANCE PROCUREMENT IN THE AMOUNT OF $184 930 000.00 TO SUPPORT LOT 7 FULL RATE PRODUCTION LONG LEAD ITEMS.,,336411,2016-03-21,2028-03-31,Department of Defense
N0001912C2001,BELL BOEING JOINT PROJECT OFFICE,7337457221.95,PROCUREMENT OF V-22 LOT 17 LONG LEAD-TIME ITEMS,,336411,2011-12-29,2021-09-30,Department of Defense
FA862506C6456,LOCKHEED MARTIN CORP,7261932653.67,,,336411,2006-02-28,2018-09-20,Department of Defense
N0001911C0083,LOCKHEED MARTIN CORPORATION,7185242552.16,F-35 LIGHTNING II JOINT STRIKE FIGHTER (JSF) LOW RATE INITIAL PRODUCTION (LRIP) LOT 6 ADVANCE ACQUISITION CONTRACT,,336411,2011-08-08,2023-05-31,Department of Defense
N0001914C0002,LOCKHEED MARTIN CORPORATION,6998362070.51,LRIP 9 AIRCRAFT AAC,,336411,2014-03-19,2025-07-31,Department of Defense
FA863418C2701,THE BOEING COMPANY,6977639547.76,F-15  FMS  F-15QA AIR VEHICLE DEVELOPMENT,,336411,2017-12-22,2027-08-31,Department of Defense
N0001917C0015,BELL BOEING JOINT PROJECT OFFICE,6589472392.74,CMV-22 PRODUCTION LOT 22 LONG LEAD-TIME ITEMS,,336411,2016-12-28,2028-01-31,Department of Defense
N0001906C0081,SIKORSKY AIRCRAFT CORPORATION,6103285531.96,,,336411,2006-01-03,2025-12-31,Department of Defense
N0001913C0008,LOCKHEED MARTIN CORPORATION,6035358369.47,F-35 LRIP 8 AAC,,336411,2013-02-28,2100-12-31,Department of Defense
FA862914C2403,SIKORSKY AIRCRAFT CORPORATION,5968708197.1,ACAT 1D - CRH,,336411,2014-06-26,2026-09-13,Department of Defense
FA862514C6450,LOCKHEED MARTIN CORP,5934097111.63,FY13 ADVANCE PROCUREMENT FUNDS FOR FY14 C-130J AIRCRAFT,,336411,2013-12-09,2020-07-31,Department of Defense
N0001909C0022,THE BOEING COMPANY,5699021641.13,P-8A LRIP I LONG LEAD MATERIAL,,336411,2009-04-13,2018-07-31,Department of Defense
N0001912C0004,LOCKHEED MARTIN CORPORATION,5597451611.0,LONG LEAD-TIME ITEMS,,336411,2012-06-15,2026-02-28,Department of Defense
W58RGZ17C0009,SIKORSKY AIRCRAFT CORPORATION,5584742286.87,W58RGZ-17-C-0009 MY IX BLACK HAWK PRODUCTION CONTRACT AWARD.,,336411,2017-06-22,2025-12-31,Department of Defense
N0001912C0112,THE BOEING COMPANY,5544117634.23,P-8A FRP LOT I LONG LEAD MATERIAL,,336411,2012-08-31,2031-10-13,Department of Defense
N0001918C1046,THE BOEING COMPANY,5496533530.53,F/A-18E AIRCRAFT,,336411,2018-05-08,2028-08-31,Department of Defense
N0001913C9999,NORTHROP GRUMMAN SYSTEMS CORPORATION,5374740355.12,E-2D ADVANCED HAWKEYE AIRCRAFT (FRP-2),,336411,2013-05-13,2026-12-31,Department of Defense
FA861520F0001,LOCKHEED MARTIN CORPORATION,5206500170.1,TAIWAN/MOROCCO F-16 PRODUCTION BLOCK 70/72,,336411,2020-08-14,2029-12-31,Department of Defense
N0001924C0039,LOCKHEED MARTIN CORPORATION,4961127792.0,CY24 AVSC SUPPLY SUPPORT,,336411,2024-06-28,2033-09-30,Department of Defense
N0001993C0006,BELL HELICOPTER TEXTRON INC,4885212163.54,,,336411,1992-10-15,2017-06-30,Department of Defense
W58RGZ13C0002,THE BOEING COMPANY,4864238445.89,CH-47F CARGO HELICOPTER MULTIYEAR II.  34 NEW BUILD HELICOPTERS AND 121 RENEW HELICOPTERS.,,336411,2013-06-10,2022-12-20,Department of Defense
W58RGZ22C0010,SIKORSKY AIRCRAFT CORPORATION,4699642384.16,MULTI-YEAR TEN (MY X) BLACK HAWK PRODUCTION AWARD FOR PROCUREMENT OF 120 H-60M BLACK HAWK HELICOPTERS FOR FISCAL YEARS 2022 - 2026 REQUIREMENTS WITH RELATED SUPPORT AND INCLUDING OPTIONS FOR AN ADDITI,,336411,2022-06-26,2027-12-31,Department of Defense
FA862511C6597,LOCKHEED MARTIN CORP,4410630126.34,C-130J FIVE YEAR OPTION CONTRACT (FYOC) IV,,336411,2011-02-01,2020-08-31,Department of Defense
N0001919C0010,LOCKHEED MARTIN CORPORATION,4146736223.37,DUAL CAPABLE AIRCRAFT UCA AWARD,,336411,2018-11-15,2027-04-01,Department of Defense
FA862516C6599,THE BOEING COMPANY,3847538056.32,ACAT I  AFLCMC/WLJK  PRESIDENTIAL AIRCRAFT RECAPITALIZATION,,336411,2016-01-04,2027-08-31,Department of Defense
FA862518F7027,LOCKHEED MARTIN CORP,3809704361.36,C-130J  ACAT 1  FIVE YEAR ORDERING CONTRACT  MYP3 AP,,336411,2018-07-19,2026-04-30,Department of Defense
FA863423F0048,THE BOEING COMPANY,3794197716.3,F-15EX LOT 5 ADVANCED PROCUREMENT,,336411,2023-09-27,2029-04-30,Department of Defense
FA820518F0001,LOCKHEED MARTIN CORPORATION,3667251155.64,IGF::OT::IGF COMPREHENSIVE F-22 VEHICLE SUSTAINMENT SERVICES,,336411,2018-01-01,2027-04-30,Department of Defense
DAAH2302C0006,SIKORSKY AIRCRAFT CORPORATION,3518934933.29,200212!002339!2100!AH23 !USA AVIATION AND MISSILE COMMAND!DAAH2302C0006 !A!N! !N! !20020926!20071231!835551474!835551474!001344142!N!SIKORSKY AIRCRAFT CORPORATION !6900 MAIN STREET !STRATFORD !CT!0661,,336411,2002-09-26,2020-01-31,Department of Defense
W58RGZ23C0001,BELL TEXTRON INC,3497288935.0,THE FUTURE VERTICAL LIFT (FVL) FLRAA CAPABILITY SET THREE IS A PRE-MAJOR DEFENSE ACQUISITION PROGRAM (ACAT 1C) COMMISSIONED TO DEVELOP AND FIELD THE NEXT GENERATION OF AFFORDABLE VERTICAL LIFT TACTICA,,336411,2022-12-05,2031-04-05,Department of Defense
W58RGZ21C0015,THE BOEING COMPANY,3471475095.5,APACHE ADVANCED PROCUREMENT AWARD FOR LOT 12 FULL RATE PRODUCTION.,,336411,2021-06-18,2028-12-31,Department of Defense
N0001922C0004,SIKORSKY AIRCRAFT CORPORATION,3422749298.96,CH-53K FRP LOT 7 LONG LEAD ITEMS,,336411,2021-12-06,2027-12-31,Department of Defense
N0001914C0032,THE BOEING COMPANY,3154449062.9,EA-18 G AIRCRAFT,,336411,2014-06-30,2019-06-30,Department of Defense
N0001925C0070,LOCKHEED MARTIN CORPORATION,3130421242.0,THE PURPOSE OF THIS CONTRACT IS TO AWARD LONG LEAD FUNDING FOR F-35A  F-35B  AND F-35C AIRCRAFT FOR U.S. SERVICES  NON-DOD PARTNERS  AND FMS CUSTOMERS.,,336411,2024-11-22,2031-05-30,Department of Defense
N0001914C0050,SIKORSKY AIRCRAFT CORPORATION,3010046248.88,IGF::OT::IGF PRESIDENTIAL HELICOPTER REPLACEMENT PROGRAM (VXX) ENGINEERING AND MANUFACTURING DEVELOPMENT (EMD) PHASE OF THE PROGRAM. THE CONTRACT ALSO INCLUDES NOT-TO-EXCEED OPTION PRICES FOR LOW RATE,,336411,2014-05-07,2026-12-31,Department of Defense
FA861512C6016,LOCKHEED MARTIN CORPORATION,2882490112.08,TAIWAN F-16 A/B BLOCK 20 RETROFIT PROGRAM,,336411,2012-09-28,2026-12-31,Department of Defense
N0001924C0025,THE BOEING COMPANY,2739718834.0,CANADA AND GERMANY LOT 13 P-8A AIRCRAFT,,336411,2024-02-29,2030-09-30,Department of Defense
N0001916C0048,SIKORSKY AIRCRAFT CORPORATION,2657312745.68,CH-53K LRIP LOT 1 LONG LEAD ITEMS,,336411,2016-04-18,2026-12-31,Department of Defense
FA283424CB002,SIERRA NEVADA COMPANY  LLC,2567126630.95,SURVIVABLE AIRBORNE OPERATIONS CENTER (SAOC),,336411,2024-04-26,2032-10-29,Department of Defense
N0001917C0003,THE BOEING COMPANY,2444992704.44,LOT 40 F/A-18E AND EA-18G AIRCRAFT WITH AEA KITS,,336411,2017-02-27,2026-07-31,Department of Defense
FA820523F0501,LOCKHEED MARTIN CORPORATION,2396775770.12,COMPREHENSIVE F-22 AIR VEHICLE SUSTAINMENT SERVICES.,,336411,2023-01-01,2033-06-30,Department of Defense
N0001919C0013,LOCKHEED MARTIN CORPORATION,2356006918.46,MH-60R AIRCRAFT,,336411,2018-11-14,2029-03-30,Department of Defense
N0001920C0047,SIKORSKY AIRCRAFT CORPORATION,2309393185.75,CH-53K LRIP LOT 5/6 LONG LEAD ITEMS,,336411,2020-03-26,2027-08-31,Department of Defense
N0001918C1048,LOCKHEED MARTIN CORPORATION,2097972895.35,IS SUPPORT EQUIPMENT,,336411,2018-05-24,2027-11-30,Department of Defense
N0001924C0009,SIKORSKY AIRCRAFT CORPORATION,2091056030.16,CH-53K FRP LOT 9 AND OPTION FRP LOT 10 LONG LEAD ITEMS,,336411,2023-12-15,2034-02-28,Department of Defense
N0001923F0002,LOCKHEED MARTIN CORPORATION,2039748721.6,JPO F-35 CY23 MODS AND RETROFIT PROGRAM SUPPORT,,336411,2023-01-01,2029-12-31,Department of Defense
N0001996C0054,BELL HELICOPTER TEXTRON INC,2032188650.77,199712!1700!1384!AC5J0!NAVAL AIR SYSTEMS COMMAND       !N0001996C0054  !A!*!P00004             !19961224!19980930!620162602!062923321!001338979!N!*    !BELL HELICOPTER TEXTRON INC   !1235 JEFFERSON DA,,336411,1996-12-24,2010-09-16,Department of Defense
FA863422F0035,THE BOEING COMPANY,2031747433.36,F-15EX - LOT 4 ADVANCED PROCUREMENT,,336411,2022-09-29,2031-12-31,Department of Defense
FA862518F7028,LOCKHEED MARTIN CORP,1949541131.1,ACAT I  C-130J FIVE YEAR ORDERING CONTRACT,,336411,2018-07-18,2026-07-31,Department of Defense
N0001919F2474,LOCKHEED MARTIN CORPORATION,1938555790.62,TECHNOLOGY REFRESH 3 (TR3) SYSTEM,,336411,2018-11-14,2025-02-14,Department of Defense
N0001918C1041,LOCKHEED MARTIN CORPORATION,1914366871.75,FY18 GLOBAL F-35A REP/ROR,,336411,2018-04-30,2019-04-30,Department of Defense
W58RGZ19C0027,GENERAL ATOMICS AERONAUTICAL SYSTEMS  INC.,1896157069.11,REQUIREMENT IS FOR THE PROCUREMENT OF PERFORMANCE BASED LOGISTICS SUPPORT SERVICES FOR THE MQ-1C GRAY EAGLE UNMANNED AIRCRAFT SYSTEM.,,336411,2019-04-24,2027-04-23,Department of Defense
FA873023C0025,THE BOEING COMPANY,1862251364.88,E-7A RAPID PROTOTYPING,,336411,2023-02-28,2030-12-31,Department of Defense
N0001920C0006,LOCKHEED MARTIN CORPORATION,1857559785.7,GLOBAL F-35A COMBINED ROR,,336411,2019-12-30,2021-12-30,Department of Defense
N0001920C0032,LOCKHEED MARTIN CORPORATION,1824077667.02,SUPPORT EQUIPMENT  AUTONOMIC LOGISTICS INFORMATION SYSTEM HARDWARE  TRAINING SYSTEMS  SITE ACTIVATIONS  INTEGRATED CONTRACTOR SUPPORT  AND THE RELIABILITY AND MAINTAINABILITY IMPROVEMENT PROGRAM FOR T,,336411,2020-07-17,2029-12-30,Department of Defense
N0001918C1012,THE BOEING COMPANY,1805224987.79,MQ-25 EMD,,336411,2018-08-30,2028-12-30,Department of Defense
N0001919C0008,NORTHROP GRUMMAN SYSTEMS CORPORATION,1796878057.44,MQ-4C TRITON LRIP LOT 5 LONG LEAD ITEMS TO SUPPORT U.S. NAVY AND COOPERATIVE PARTNER AUSTRALIA.,,336411,2019-05-29,2029-01-31,Department of Defense
N0001913C0023,BELL TEXTRON INC,1782171428.98,UH-1Y AND AH-1Z LONG LEAD PARTS LIST AAC,,336411,2013-04-01,2019-10-31,Department of Defense
N0001915C0031,LOCKHEED MARTIN CORPORATION,1764499475.16,LOGISTICS SUPPORT CONTRACT,,336411,2014-11-01,2026-02-28,Department of Defense
N0001915C0114,LOCKHEED MARTIN CORPORATION,1621042892.68,LRIP 9 NON ANNUALIZED AWARD,,336411,2015-08-31,2026-12-31,Department of Defense
FA862524F3034,LOCKHEED MARTIN CORP,1564462687.0,C-130J COMBINED AIRCRAFT DELIVERY DEVELOPMENT INTEGRATION AND ENGINEERING (CADDIE) FY23 C-130J CONGRESSIONAL ADD AIRCRAFT,,336411,2028-12-31,2028-12-31,Department of Defense
W58RGZ08C0023,TEXTRON SYSTEMS CORPORATION,1551565403.77,PROCURE 14 SHADOW UNMANNED AIRCRAFT SYSTEMS,,336411,2007-10-31,2021-04-30,Department of Defense
N0001918C1060,THE BOEING COMPANY,1518660771.0,28 KUWAIT KAF-18E/F AIRCRAFT AND 56 COMMERCIAL PXMC CARDS,,336411,2018-06-27,2026-06-30,Department of Defense
N0001917C0045,LOCKHEED MARTIN CORPORATION,1443726578.57,FY17A F-35 SUSTAINMENT - FMS,,336411,2017-03-01,2021-04-30,Department of Defense
FA863416C2653,THE BOEING COMPANY,1399773518.14,F-15; ACAT II: RMP/V3 COMBINED RADAR BUY FY15,,336411,2015-10-30,2026-09-30,Department of Defense
FA860918F0006,THE BOEING COMPANY,1305571332.0,JAPAN KC-46A,,336411,2017-12-22,2025-06-30,Department of Defense
FA863422C2705,THE BOEING COMPANY,1290092122.71,F-15/NO ACAT/JAPAN/UNDEFINITIZED CONTRACT ACTION,,336411,2028-12-29,2028-11-30,Department of Defense
FA873918C5030,THE BOEING COMPANY,1260561796.04,UH-1N REPLACEMENT HELICOPTER SYSTEM,,336411,2018-09-24,2026-05-29,Department of Defense
FA810720F0001,THE BOEING COMPANY,1229144473.3,B-52 COMMERCIAL ENGINE REPLACEMENT PROGRAM (CERP) RAPID PROTOTYPING 1 (RP1),,336411,2020-02-14,2029-12-31,Department of Defense
N0001917C0030,BELL TEXTRON INC,1223355383.27,LOT 15 AAC,,336411,2017-02-07,2026-08-31,Department of Defense
FA852624F0002,THE BOEING COMPANY,1159306466.77,FY24 C-17 VIRTUAL FLEET MATERIAL REQUIREMENTS,,336411,2023-10-01,2025-03-31,Department of Defense
N0001919C1022,LOCKHEED MARTIN CORPORATION,1155919996.0,FY19 GLOBAL F-35A REP/ROR,,336411,2019-04-30,2022-12-31,Department of Defense
N0001918C1025,THE BOEING COMPANY,1122466003.92,NON-RECURRING ENGINEERING AND AAE ITEMS IN SUPPORT OF KUWAIT VARIANT OF F/A-18 SUPER HORNET,,336411,2018-03-30,2023-12-31,Department of Defense
FA861518C6058,LOCKHEED MARTIN CORPORATION,1118215073.06,ACAT II  HAMAD'S FALCONS  BAHRAIN F-16 PRODUCTION,,336411,2018-06-22,2028-12-31,Department of Defense
FA863421F0023,THE BOEING COMPANY,1111663124.02,F15EX LOT 2 LONG LEAD-ITEMS,,336411,2021-07-28,2026-07-31,Department of Defense
FA863420F0022,THE BOEING COMPANY,1070907248.41,F15EX LOT 1A AND LOT 1 NRE,,336411,2020-07-13,2025-11-30,Department of Defense
FA863421F0026,THE BOEING COMPANY,1050985191.98,F-15EX LOT 3 LONG-LEAD ITEMS,,336411,2021-09-29,2027-09-30,Department of Defense
FA861517C6045,LOCKHEED MARTIN CORPORATION,1041901952.56,KOREA F-16 C/D BLOCK 52 AIRCRAFT UPGRADE PROGRAM,,336411,2016-11-18,2033-12-31,Department of Defense
N0001916C0004,LOCKHEED MARTIN CORPORATION,1041635908.49,LRIP 10 NA SUSTAINMENT FMS,,336411,2016-07-07,2026-09-30,Department of Defense
N0001920F0571,LOCKHEED MARTIN CORPORATION,1008210264.71,F-35 MODS AND RETROFIT ANNUAL SUPPORT,,336411,2020-05-01,2031-01-31,Department of Defense
FA861519C6050,LOCKHEED MARTIN CORPORATION,958825548.5,ACAT II GREECE F-16 UPGRADE PROGRAM,,336411,2018-12-20,2027-12-31,Department of Defense
W58RGZ17C0018,GENERAL ATOMICS AERONAUTICAL SYSTEMS  INC.,936878896.99,IGF::CT::IGF FY17 GRAY EAGLE PERFORMANCE BASED LOGISTICS (PBL) EFFORT.,,336411,2016-10-24,2022-09-30,Department of Defense
FA863421C2702,THE BOEING COMPANY,911290873.48,F-15 EAGLE PASSIVE/ACTIVE WARNING & SURVIVABILITY SYSTEM (EPAWSS) LOW RATE ININITIAL PRODUCTION (LRIP),,336411,2020-12-16,2027-11-30,Department of Defense
FA861508C6050,LOCKHEED MARTIN CORPORATION,898495397.73,F-16 MOROCCO PRODUCTION PROGRAM,,336411,2008-06-05,2020-04-30,Department of Defense
FA861718F8001,THE BOEING COMPANY,896584290.62,ADVANCED PILOT TRAINING,,336411,2018-09-27,2026-07-30,Department of Defense
N0001918F0584,LOCKHEED MARTIN CORPORATION,894388941.72,F-35 LIGHTNING II COMMON SPARES PARTS,,336411,2018-03-08,2027-08-13,Department of Defense
FA860922F0001,THE BOEING COMPANY,858117972.0,KC-46 FMS ISRAEL AIRCRAFT 1-4,,336411,2022-09-01,2026-12-31,Department of Defense
N0001918C1021,RTX CORPORATION,8688654906.89,LOT 12 AAC LONG LEAD FOR PROPULSION SYSTEMS,,336412,2018-03-23,2024-12-30,Department of Defense
N0001920C0011,RTX CORPORATION,7498943172.37,LOT 15 FMS-1 F135 CTOL PROP SYSTEM,,336412,2020-03-23,2030-10-15,Department of Defense
N0001921C0011,RTX CORPORATION,4865962075.84,FY21 PBL2,,336412,2020-12-01,2030-02-28,Department of Defense
N0001923C0030,RTX CORPORATION,2803077022.26,LOT 18 PNR/TOOLING,,336412,2023-09-28,2028-12-31,Department of Defense
N0001917C0020,RTX CORPORATION,2682738779.93,LRIP 11 AAC - FMS AND INTERNATIONAL PARTNERS,,336412,2016-11-08,2022-06-30,Department of Defense
N0001915C0004,RTX CORPORATION,2213245788.81,F135 LRIP LOT 10 ADVANCED ACQUISITION CONTRACT,,336412,2015-04-30,2020-12-09,Department of Defense
FA862616C2138,GENERAL ELECTRIC COMPANY,2090921087.07,ADAPTIVE ENGINE TRANSITION PROGRAM  (AETP),,336412,2016-06-30,2024-06-30,Department of Defense
N0001917C0010,RTX CORPORATION,1838656695.12,PERFORMANCE BASED LOGISTICS UCA,,336412,2016-12-01,2022-11-30,Department of Defense
FA862616C2139,RTX CORPORATION,1651199673.57,ADAPTIVE ENGINE TRANSITION PROGRAM  (AETP),,336412,2016-06-30,2024-06-30,Department of Defense
N0001922F0030,THE BOEING COMPANY,1553797869.15,HARPOON COASTAL DEFENSE SYSTEM FOR LAUNCHER TRANSPORTER UNITS (LTUS)  RADAR UNITS (RUS) AND TRAINING EQUIPMENT.,,336412,2022-03-02,2029-12-31,Department of Defense
FA862622C0002,GENERAL ELECTRIC COMPANY,1015406181.59,F-15EX LOTS 2+ PROPULSION SYSTEM PROCUREMENT,,336412,2021-10-29,2025-04-30,Department of Defense
W58RGZ19C0003,GENERAL ELECTRIC COMPANY,836004254.99,REQUIREMENT IS TO DESIGN  DEVELOP  QUALIFY AND INTEGRATE AN IMPROVED TURBINE ENGINE (ITE) FOR THE EMD PHASE.,,336412,2019-02-01,2029-12-31,Department of Defense
N0001924C0042,RTX CORPORATION,778206521.0,F135 ECU RISK REDUCTION DESIGN,,336412,2024-09-30,2028-03-31,Department of Defense
HSBP1009C02278,LOCKHEED MARTIN AERONAUTICAL SYSTEMS SUPPORT COMPANY,762695108.76,P-3 AIRCRAFT MAINTENANCE AND LOGISTICS SUPPORT,,336412,2009-08-01,2019-12-31,Department of Homeland Security
N0001923C0013,GENERAL ELECTRIC COMPANY,673140164.34,T408 IAF ENGINES AND COST REDUCTION INITIATIVES,,336412,2023-04-26,2027-06-18,Department of Defense
N0001918C1007,GENERAL ELECTRIC COMPANY,646710610.75,LRIP LOT 1&2 INTEGRATED LOGISTICS SUPPORT,,336412,2017-11-16,2021-07-31,Department of Defense
N0001921C0068,RTX CORPORATION,446834439.0,LOT 14 NON-ANNUAL PROPULSION SUSTAINMENT,,336412,2021-09-24,2025-12-31,Department of Defense
N0001923F0539,RTX CORPORATION,417929835.35,DEPOT COMMON ENGINE PARTS,,336412,2023-06-30,2026-12-31,Department of Defense
FA862623F0003,GENERAL ELECTRIC COMPANY,408498267.36,NEXT GENERATION ADAPTIVE PROPULSION (NGAP) PROTOTYPING,,336412,2023-01-26,2028-01-11,Department of Defense
W58RGZ25F0142,GENERAL ELECTRIC COMPANY,399220796.0,T700 SERIES ENGINE PRODUCTION,,336412,2024-12-12,2029-12-31,Department of Defense
FA862620F0029,GENERAL ELECTRIC COMPANY,389318896.0,F110 TAIWAN ENGINE COVID-19 DIB,,336412,2020-04-28,2026-12-31,Department of Defense
FA862623F0004,RTX CORPORATION,373845353.65,PRATT & WHITNEY NGAP PROTOTYPING,,336412,2023-01-26,2026-06-30,Department of Defense
FA812425FB002,ROLLS-ROYCE CORPORATION,337972168.56,T108 PROPULSION SUSTAINMENT SYSTEM- (ENGINE  NACELLE  AND PROPELLER) PRICE PER ENGINE FLYING HOUR.,,336412,2024-12-01,2025-11-30,Department of Defense
N0001923F0233,RTX CORPORATION,334795424.76,SPARES MINI MODULES FY23,,336412,2023-02-28,2026-12-31,Department of Defense
N0001922F2598,RTX CORPORATION,330007223.13,INITIAL SPARES FY22,,336412,2021-09-03,2025-12-31,Department of Defense
N0001925F2015,RTX CORPORATION,326145887.9,INITIAL SPARES,,336412,2025-03-31,2028-12-31,Department of Defense
N0001924F0300,RTX CORPORATION,324554859.76,PW DEPOT COMMON,,336412,2024-09-30,2027-12-31,Department of Defense
N0001921F0886,THE BOEING COMPANY,322206546.56,MISSILE NRE,,336412,2021-09-30,2026-08-31,Department of Defense
W58RGZ25F0163,THE BOEING COMPANY,316089060.0,CH-47F BLOCK II PRODUCTION RENEW AIRCRAFT,,336412,2025-09-30,2029-10-22,Department of Defense
N0001920C0005,RTX CORPORATION,289940714.44,FMS LOT 12 NON ANNUAL,,336412,2019-08-15,2023-01-31,Department of Defense
N0001921F0736,RTX CORPORATION,284074276.0,DEPOT COMMON SPARES,,336412,2021-09-03,2023-06-30,Department of Defense
N0001921C0006,RTX CORPORATION,268988683.0,LOT 13 NON-ANNUAL PROPULSION SUSTAINMENT,,336412,2020-01-01,2024-11-30,Department of Defense
N0001918C1069,RTX CORPORATION,262186259.1,LRIP 11 NA PROCUREMENT,,336412,2017-12-01,2021-10-31,Department of Defense
SPRTA123F0298,GENERAL ELECTRIC COMPANY,250159470.53,PACER PHANTOM,,336412,2023-09-30,2025-09-30,Department of Defense
N0001925F0187,ROLLS-ROYCE CORPORATION,248300340.62,AE1107C ENGINE SUST. SUPPORT,,336412,2024-12-01,2025-11-30,Department of Defense
N0001925F1040,RTX CORPORATION,247991662.88,PROCUREMENT OF IDIQ INITIAL SPARES IN SUPPORT OF THE FLEET.,,336412,2025-09-17,2028-12-31,Department of Defense
N0001919C0007,RTX CORPORATION,247614708.89,F-35 BLOCK 4 PROPULSION DEVELOPMENT FLIGHT TEST SUPPORT,,336412,2018-10-16,2026-12-31,Department of Defense
FA862625FB011,RTX CORPORATION,247150000.0,DO3 - ENGINE BUILD  TEST  MATURATION AND INTEGRATION,,336412,2025-03-01,2026-04-30,Department of Defense
N0001923C0056,RTX CORPORATION,241340475.0,DEPOT ACTIVATION SHARED NRS - COMMON,,336412,2023-09-08,2026-09-30,Department of Defense
FA862625FB012,GENERAL ELECTRIC COMPANY,225419005.26,DO3 - ENGINE BUILD  TEST  MATURATION AND INTEGRATION,,336412,2025-03-01,2026-10-31,Department of Defense
N0002425C2405,ROLLS-ROYCE CORPORATION,222098104.0,36 MT7 TURBOSHAFT PRODUCTION ENGINES  PRODUCTION ENGINE ANCILLARY PARTS KITS  AND INSTALLATION KITS TO LCAC 100 CLASS CRAFT. 4 MT7 TURBOSHAFT SPARE ENGINES  SPARE ANCILLARY PARTS KITS  REPAIR OF PORTA,,336412,2025-02-07,2029-06-30,Department of Defense
FA862621F0023,RTX CORPORATION,212535948.0,PW F100 PRODUCTION  MOROCCO INSTALL ENGINES,,336412,2021-07-26,2025-06-30,Department of Defense
N0038324F0DM0,GENERAL ELECTRIC COMPANY,209190241.11,F414 FS DELIVERY ORDER JAN 2024 - DEC 2024,,336412,2024-01-01,2024-12-31,Department of Defense
N0038325F0DM0,GENERAL ELECTRIC COMPANY,208399999.92,F414 FS PBL DELIVERY ORDER JAN 2025 - DEC 2025,,336412,2025-01-01,2025-12-31,Department of Defense
N0001922C0016,RTX CORPORATION,206320064.0,THE SUBJECT EFFORT IS PROPULSION FY22 SITE ACTIVATION AND HARDWARE (SAHW) WHICH PROVIDES NON-RECURRING SUSTAINMENT REQUIREMENTS.,,336412,2022-09-30,2025-12-31,Department of Defense
N0038324F0ZN0,GENERAL ELECTRIC COMPANY,200182639.62,F414 DEPOT COMPONENT SUPPORT PERFORMANCE BASED LOGISITICS,,336412,2024-01-01,2024-08-31,Department of Defense
FA812424FB002,ROLLS-ROYCE CORPORATION,194823113.94,T108 ENGINE  NACELLE  AND PROPELLER SUSTAINMENT. PRICE PER FLYING HOUR.,,336412,2023-12-01,2024-11-30,Department of Defense
N0001925C0075,RTX CORPORATION,186017840.0,DEPOT ACTIVATION SHARED NRS - COMMON,,336412,2025-02-18,2028-02-20,Department of Defense
SPRTA124F0352,GENERAL ELECTRIC COMPANY,171876373.54,PACER PHANTOM,,336412,2024-09-05,2026-09-30,Department of Defense
N0001923F0603,ROLLS-ROYCE CORPORATION,170997909.65,MAINTENANCE & RELATED SERVICES (CNATRA),,336412,2023-08-01,2024-07-31,Department of Defense
W58RGZ22F0407,THE BOEING COMPANY,165919453.0,ADDING CONGRESSIONAL MANDATE FOR ORDERING PERIOD 3 ADVANCED PROCUREMENT FOR CH-47F,,336412,2022-09-28,2025-09-30,Department of Defense
N0001924F1885,ROLLS-ROYCE CORPORATION,162730060.65,MAINTENANCE & RELATED SERVICES (CNATRA),,336412,2024-08-01,2025-07-31,Department of Defense
N0001913C0132,GENERAL ELECTRIC COMPANY,157467313.26,CRITICAL PARTS,,336412,2013-02-01,2028-12-31,Department of Defense
N0001922F0981,ROLLS-ROYCE CORPORATION,151868209.25,PROCURE EFHS  REPAIR OF LOW POWER REMOVALS  SITE SUPPORT  MEU SUPPORT  AND PROGRAM MGT,,336412,2021-12-01,2023-09-30,Department of Defense
W58RGZ23F0272,THE BOEING COMPANY,148075000.0,CONGRESSIONAL MANDATE OF LONG LEAD ITEMS FOR CH-47 LOT 4,,336412,2023-07-06,2028-03-31,Department of Defense
W58RGZ21F0493,THE BOEING COMPANY,146675689.54,DELIVERY ORDER W58RGZ21F0493 IN SUPPORT CH47F BLOCK II CONGRESSIONAL MANDATE,,336412,2021-09-30,2024-11-30,Department of Defense
N0038325F0ZN0,GENERAL ELECTRIC COMPANY,143110384.58,F414 DEPOT COMPONENT SUPPORT PERFORMANCE BASED LOGISITICS,,336412,2025-01-01,2025-08-31,Department of Defense
N0001923F2514,ROLLS-ROYCE CORPORATION,142255855.39,PROCURE PM  SITE SUPPORT  ENGINE FLIGHT HOURS  AND REPAIR OF LOW POWER REMOVALS,,336412,2022-11-17,2024-02-29,Department of Defense
FA862620F0028,GENERAL ELECTRIC COMPANY,137635761.63,F110 QATAR II ENGINES COVID-19 DIB,,336412,2020-04-28,2023-11-30,Department of Defense
SPRTA119F0089,GENERAL ELECTRIC COMPANY,137294467.44,MULTIPLE NSN'S,,336412,2018-11-21,2024-10-31,Department of Defense
SPE4A225F2706,LOCKHEED MARTIN CORPORATION,129927629.16,8511249145!AF GEN III SUPPORT,,336412,2025-03-17,2026-03-31,Department of Defense
N0001923F0151,THE BOEING COMPANY,115135530.0,FY23 INITIAL SPARES,,336412,2023-07-31,2028-08-31,Department of Defense
N0038325FZN01,GENERAL ELECTRIC COMPANY,114425061.12,F414 DCS PBL SUPPORT,,336412,2025-08-12,2025-12-31,Department of Defense
N0001919C0054,RTX CORPORATION,111772989.0,THE PURPOSE OF THIS IS TO FUND PW SECOND SOURCE INITIATIVE.  IGE::OT::IGE,,336412,2019-03-28,2025-12-31,Department of Defense
N0001924F5343,ROLLS-ROYCE CORPORATION,105909507.57,PROCURE PROGRAM MANAGEMENT  SITE SUPPORT  MEU SUPPORT  ENGINE FLIGHT HOURS  AND LOW POWER AND DISCRETIONARY/CONVENIENCE REMOVALS,,336412,2023-11-29,2025-02-28,Department of Defense
FA862620F0020,GENERAL ELECTRIC COMPANY,104593829.84,FOR BAHRAIN THERE IS AN ORDER FOR 16 INSTALL ENGINES  6 SPARE ENGINES  AND 16 EMSCS.,,336412,2019-12-13,2025-04-20,Department of Defense
SPRTA125F0317,GENERAL ELECTRIC COMPANY,102166520.04,PACER PHANTOM,,336412,2025-09-30,2027-09-30,Department of Defense
N0001925F0185,THE BOEING COMPANY,101425717.92,PROCUREMENT OF TRAILING EDGE FLAP REVISION 2 A1 KITS (LH) AND A2 KITS (RH),,336412,2025-03-20,2030-06-30,Department of Defense
SPE4AX25F1356,GENERAL ELECTRIC COMPANY,99866695.91,8511065262!PBL MATERIAL GE,,336412,2024-12-20,2025-12-31,Department of Defense
FA862625FB017,GENERAL ELECTRIC COMPANY,97939711.0,ROYAL JORDANIAN AIR FORCE (FOREIGN MILITARY SALES) F110 ENGINES,,336412,2025-03-21,2027-07-13,Department of Defense
FA812413C0009,UNITED TECHNOLOGIES CORPORATION,97257283.69,IGF::OT::IGF  UCA FOR IDAF F100 OVERHAUL/REMANUFACTURE,,336412,2013-05-03,2018-07-24,Department of Defense
N0001924F0259,THE BOEING COMPANY,96020426.23,NGEAU NON-RECURRING ENGINEERING (NRE) AND PRODUCTION OF A-KITS AND B-KITS.,,336412,2024-10-01,2028-12-31,Department of Defense
N0001924F0118,THE BOEING COMPANY,94521598.0,PROCUREMENT OF TRAILING EDGE FLAP REVISION 2 A1 KITS (LH) AND A2 KITS (RH),,336412,2024-03-01,2027-12-31,Department of Defense
W58RGZ25F0239,GENERAL ELECTRIC COMPANY,92824494.68,T700 TURBINE ENGINE PRODUCTION,,336412,2025-04-30,2026-07-31,Department of Defense
N0038323F0DM1,GENERAL ELECTRIC COMPANY,90006588.14,F414 FS DELIVERY ORDER AUG 2023 - DEC 2023,,336412,2023-08-01,2024-10-31,Department of Defense
W58RGZ22F0496,THE BOEING COMPANY,87290179.0,PROCUREMENT OF 2 CLOCK 2 CH-47F AIRCRAFT,,336412,2022-09-30,2025-05-30,Department of Defense
N6833524F0122,THE BOEING COMPANY,86427453.0,IRST OTPS PHASE II - THIS PROCUREMENT IS FOR THE DESIGN  DEVELOPMENT  AND PRODUCTION OF OPERATIONAL TEST PROGRAM SETS (OTPS) AND SPECIAL TEST EQUIPMENT TO SUPPORT THE AN/ASG-34A (V)1 INFRARED SEARCH A,,336412,2024-02-26,2029-02-25,Department of Defense
0015,GENERAL ELECTRIC COMPANY,86385173.99,PURCHASE OF 127 EACH T700 INSTALL ENGINES COMPLETE - IN SUPPORT OF ARMY PRODUCTION BLACKHAWK,,336412,2016-11-28,2017-12-31,Department of Defense
FA862625FB013,GENERAL ELECTRIC COMPANY,85641427.0,DELIVERY ORDER 6 IS DERIVED FROM THE ORIGINAL BASIC IDIQ CONTRACT FA8626-22-D-0010. THUS  ALL RELEVANT CLAUSES EXISTING AS PART OF THE IDIQ ARE APPLICABLE TO THIS ACTION  AND WILL FLOW DOWN TO THIS DE,,336412,2025-03-14,2026-05-14,Department of Defense
FA862620F0026,GENERAL ELECTRIC COMPANY,85210508.24,F110 SLOVAKIA ENGINE COVID-19 DIB,,336412,2020-04-28,2025-09-01,Department of Defense
N0001924F1876,RTX CORPORATION,83075418.54,PW DEPOT COMMON,,336412,2024-09-10,2026-12-30,Department of Defense
FA850421F0059,ROLLS-ROYCE CORPORATION,82950979.57,C-130J PROPULSION LONG TERM SUSTAINMENT,,336412,2021-09-29,2026-03-25,Department of Defense
FA812224F0053,AERO TURBINE  INC,82742830.87,J85 MISTR OVERHAUL COMPONENTS,,336412,2024-09-04,2026-08-19,Department of Defense
0012,GENERAL ELECTRIC COMPANY,82085488.41,PROCUREMENT OF 122 EACH 701D ENGINES.,,336412,2016-03-28,2016-12-31,Department of Defense
N0001925F1023,ROLLS-ROYCE CORPORATION,79024691.31,MAINTENANCE & RELATED SERVICES (CNATRA),,336412,2025-08-01,2025-12-31,Department of Defense
N0001919F0001,RTX CORPORATION,78246081.0,CY2019 COMPONENT IMPROVEMENT PROGRAM (CIP) REQUIREMENTS,,336412,2019-01-19,2023-12-31,Department of Defense
SPRTA122F0327,GENERAL ELECTRIC COMPANY,78016264.18,PACER PHANTOM,,336412,2022-09-30,2026-04-30,Department of Defense
SPE4AX24F1403,GENERAL ELECTRIC COMPANY,77783804.67,8510334562!PBL MATERIAL GE,,336412,2023-12-15,2024-12-31,Department of Defense
N0001921F0876,THE BOEING COMPANY,77147165.16,LRASM INTEGRATION NRE,,336412,2021-04-21,2026-04-20,Department of Defense
FA862625FB019,GENERAL ELECTRIC COMPANY,76687321.0,BULGARIA II AIR FORCE (FOREIGN MILITARY SALES) F110 ENGINES,,336412,2025-03-21,2027-11-01,Department of Defense
N0001923F0454,RTX CORPORATION,76016240.04,DEPOT STOVL SPARES,,336412,2023-06-16,2027-02-28,Department of Defense
SPRRA120F0104,GENERAL ELECTRIC COMPANY,74396532.0,NOUN: COLD SECTION MODULE NSN: 2840-01-284-4013 PN:6071T25G01,,336412,2020-02-14,2023-12-31,Department of Defense
N0001923F0642,GENERAL ELECTRIC COMPANY,74318944.0,1-PROCURE TWO USN F414 FAN MODULES ON CONTRACT LINE ITEM NUMBER (CLIN)0211. UNITS UNDER CLIN0211 WILL BE FUNDED THROUGH THE NAVY RECLAMATION AND CONSIDERATION PROGRAM ADD FUNDING ON CLIN0210  USN F414,,336412,2021-09-30,2025-07-31,Department of Defense
N0001924F0272,RTX CORPORATION,74291174.79,DEPOT STOVL SPARES,,336412,2024-09-30,2027-12-31,Department of Defense
FA862624F0002,RTX CORPORATION,73984281.0,PRATT AND WHITNEY FOREIGN MILITARY SALES F100 PRODUCTION  POLAND SPARE ENGINES.,,336412,2024-04-12,2025-08-27,Department of Defense
N0001924C0019,GENERAL ELECTRIC COMPANY,73242630.0,T408 LOT 9 LONG LEAD ITEMS,,336412,2023-12-18,2027-10-16,Department of Defense
FA862625FB014,RTX CORPORATION,73041072.0,DELIVERY ORDER 6 IS DERIVED FROM THE ORIGINAL BASIC IDIQ CONTRACT FA8626-22-D-0002. THUS  ALL RELEVANT CLAUSES EXISTING AS PART OF THE IDIQ ARE APPLICABLE TO THIS ACTION AND WILL FLOW DOWN TO THIS DEL,,336412,2025-03-14,2026-09-13,Department of Defense
SPRRA122F0130,GENERAL ELECTRIC COMPANY,72291040.2,CSM - SPARES,,336412,2022-06-24,2028-03-30,Department of Defense
N0001920F0001,RTX CORPORATION,71474959.0,F135 CY2020 COMPONENT IMPROVEMENT PROGRAM (CIP) REQUIREMENTS,,336412,2020-01-01,2024-12-31,Department of Defense
N0001923F0010,RTX CORPORATION,67793190.0,F135 CIP CY2022-25 EPDS,,336412,2023-01-03,2026-12-31,Department of Defense
FA850512C0001,THE BOEING COMPANY,2806532949.46,IGF::OT::IGF F-15S/SA CONVERSION,,336413,2012-06-22,2021-04-30,Department of Defense
N0001914C0037,GENERAL ATOMICS,1726673452.3,CVN 79 EMALS LONG LEAD TIME MATERIAL,,336413,2014-05-08,2030-01-30,Department of Defense
W58RGZ12C0055,THE BOEING COMPANY,1298998009.26,ADVANCE PROCUREMENT FOR LOTS 3 AND 4 OF APACHE BLOCK III FULL RATE PRODUCTION,,336413,2012-06-29,2023-12-31,Department of Defense
HQ085321C0002,LOCKHEED MARTIN CORPORATION,1204688360.1,KSA PHASE II,,336413,2021-03-31,2027-08-31,Department of Defense
FA810616C0001,THE BOEING COMPANY,1159565491.16,IGF::OT::IGF  VC-25 CONTRACTOR LOGISTICS SUPPORT.,,336413,2015-12-01,2026-11-30,Department of Defense
FA812424F0001,RTX CORPORATION,1127037480.95,F117 ESS FY24 TASK ORDER,,336413,2023-10-01,2024-09-30,Department of Defense
FA861516C6048,LOCKHEED MARTIN CORPORATION,1108415288.23,SINGAPORE F-16 C/D/D+ BLOCK 52/52+ AIRCRAFT UPGRADE PROGRAM,,336413,2015-12-01,2028-01-31,Department of Defense
FA812425F0001,RTX CORPORATION,1078914542.46,F117 ENGINE SUSTAINMENT SUPPORT FY25 TASK ORDER.,,336413,2024-10-01,2025-09-30,Department of Defense
W58RGZ25F0182,LOCKHEED MARTIN CORPORATION,956764300.77,GEN III MODERNIZED TARGET ACQUISITION DESIGNATION SIGHT/PILOT NIGHT VISION SYSTEM (MTADS/PNVS)  INDEFINITE DELIVERY INDEFINITE QUANTITY (IDIQ) 2,,336413,2025-06-06,2031-07-31,Department of Defense
FA812423F0002,RTX CORPORATION,929677158.0,F117 ESS FY23 TASK ORDER,,336413,2022-11-01,2023-09-30,Department of Defense
W31P4Q25F0082,LOCKHEED MARTIN CORPORATION,780216887.65,PRECISION STRIKE MISSILE (PRSM) FOR FISCAL YEARS (FY) 2025-2029 INDEFINITE DELIVERY/ INDEFINITE QUANTITY (IDIQ) DELIVERY ORDER EOC5.,,336413,2025-03-28,2028-09-30,Department of Defense
FA862119F6251,CAE USA INC.,738115373.22,F-16 TRAINING SIMULATORS,,336413,2018-11-09,2028-03-31,Department of Defense
FA861124CB001,RAYTHEON COMPANY,726955302.75,THE F-22 SENSOR ENHANCEMENTS (SEE) PROGRAM MODERNIZES THE F-22 SENSOR CAPABILITIES TO MAINTAIN AIR SUPERIORITY.,,336413,2024-08-29,2029-04-30,Department of Defense
FA861505C6002,LOCKHEED MARTIN CORPORATION,683120479.78,TAS::57 3010::TAS 200511!000157!5700!FA8615!ASC/YPK !FA861505C6002 !A!N! !N! ! !20050719!20060712!008016958!008016958!834951691!N!LOCKHEED MARTIN CORPORATION !LOCKHEED BLVD !FORT WORTH !TX!76101!27000,,336413,2005-07-19,2025-12-31,Department of Defense
FA862117F0026,LOCKHEED MARTIN CORPORATION,662670219.24,C-130J MATS III,,336413,2017-04-21,2025-09-24,Department of Defense
FA862023F4781,L3HARRIS TECHNOLOGIES INTEGRATED SYSTEMS L.P.,660102935.0,BIG SAFARI,,336413,2023-02-17,2029-03-31,Department of Defense
W58RGZ19C0024,THE BOEING COMPANY,631704408.34,APACHE PERFORMANCE BASED  LOGISTICS(PBL) IV SERVICES OF AIRFRAME COMPONENTS FOR THE UNITED STATES GOVERNMENT'S AH-64 APACHE FLEET,,336413,2019-04-26,2026-12-31,Department of Defense
FA862118F6251,LOCKHEED MARTIN CORPORATION,603196868.19,IGF::OT::IGF  AFSOC ACTS AWARD OF CONTRACT FOR CLS  ENGINEERING  INSTRUCTION  CYBERSECURITY  DMO,,336413,2018-02-08,2027-01-31,Department of Defense
N0001925C0130,NORTHROP GRUMMAN SYSTEMS CORPORATION,582700000.0,E130J ENGINEERING AND MANUFACTURING DEVELOPMENT (EMD),,336413,2024-12-18,2024-12-19,Department of Defense
FA862113C6247,FLIGHTSAFETY DEFENSE CORPORATION,540497403.23,KC-46 AIRCREW TRAINING SYSTEM (ATS),,336413,2013-05-01,2026-12-31,Department of Defense
FA862118F6257,THE BOEING COMPANY,534484674.63,IGF::OT::IGF  C-17 TRAINING SYSTEM (TS)  TRAINING AND SUPPORT,,336413,2018-06-21,2025-11-30,Department of Defense
N0001922C0033,GENERAL ATOMICS,510869157.76,CVN 81 EMALS PRE-PRODUCTION PLANNING,,336413,2022-01-01,2032-02-28,Department of Defense
W58RGZ08C0016,TEXTRON SYSTEMS CORPORATION,451206697.64,PBL CONTRACT,,336413,2007-11-01,2010-10-31,Department of Defense
FA873015C0003,THE BOEING COMPANY,440347703.0,JAPAN AWACS MISSION COMPUTING UPGRADE (MCU) PROGRAM DESIGN AND PRODUCTION,,336413,2014-10-28,2022-04-29,Department of Defense
N0001923F0640,LOCKHEED MARTIN CORPORATION,438640304.63,THIS DELIVERY ORDER FUNDS THE ACQUISITION OF F-35 LOT 15-16 HMDS FOR ALL CUSTOMERS.,,336413,2023-09-08,2028-03-31,Department of Defense
SPRPA119FE31N,NORTHROP GRUMMAN SYSTEMS CORPORATION,438315691.84,COMPUTER RADAR DATA,,336413,2019-09-23,2029-05-13,Department of Defense
FA862116C6331,CAE USA MISSION SOLUTIONS INC.,400890855.58,IGF::OT::IGF  SCAT III - KDAM ATARS,,336413,2016-08-01,2024-03-31,Department of Defense
N0001923F2625,NORTHROP GRUMMAN SYSTEMS CORPORATION,392581726.6,D6 TCID HARDWARE DEVELOPMENT,,336413,2023-09-12,2028-09-30,Department of Defense
N0038324F0ZV0,BELL BOEING JOINT PROJECT OFFICE,389236429.0,V-22 PERFORMANCE BASED LOGISTICS CONTRACT POP 3 (01/06/2024 - 01/05/2025),,336413,2024-01-06,2025-01-05,Department of Defense
N0038324F0W00,LOCKHEED MARTIN CORPORATION,372144228.75,FY2024 SEAHAWK PBL PERFORMANCE ORDER,,336413,2023-10-01,2024-09-30,Department of Defense
N0001919F4207,LOCKHEED MARTIN CORPORATION,364745841.27,FY19 AV INITIAL SPARES (ASP/DSP),,336413,2019-08-29,2026-12-13,Department of Defense
N0038325F0ZV1,BELL BOEING JOINT PROJECT OFFICE,358039406.0,V-22 PBL POP 4 (6 JAN 2025 - 5 JAN 2026),,336413,2025-01-06,2026-01-05,Department of Defense
N0001921F0030,BELL BOEING JOINT PROJECT OFFICE,344516554.17,V-22 NACELLE IMPROVEMENTS STEP 2,,336413,2020-12-31,2027-06-30,Department of Defense
FA813423F0001,THE BOEING COMPANY,333419086.06,SUSTAINMENT SUPPORT FOR THE E-4B FLEET,,336413,2022-12-01,2030-09-30,Department of Defense
FA820219F0035,THE BOEING COMPANY,333076253.85,THIS EFFORT IS TO PURCHASE WINGS FOR THE A-10 THUNDERBOLT II ADVANCED-WING CONTINUATION KIT (ATTACK) PROGRAM FROM THE A-10 AIRCRAFT.,,336413,2019-08-21,2025-06-30,Department of Defense
FA862118F6260,CAE USA INC.,330042185.38,C-130H AIRCREW TRAINING SYSTEM,,336413,2018-08-28,2026-08-24,Department of Defense
N0038323F0ZV0,BELL BOEING JOINT PROJECT OFFICE,329540227.0,V-22 PBL PERIOD OF PERFORMANCE 2 (6 JAN 2023 TO 5 JAN 2024),,336413,2023-01-06,2024-01-05,Department of Defense
N0038325F0W00,LOCKHEED MARTIN CORPORATION,329023880.81,FY2025 SEAHAWK PBL PERFORMANCE ORDER,,336413,2024-10-01,2025-09-30,Department of Defense
W58RGZ11C0099,GENERAL ATOMICS AERONAUTICAL SYSTEMS  INC.,325711659.0,GRAY EAGLE LOW RATE INITIAL PRODUCTION II,,336413,2011-04-08,2023-08-22,Department of Defense
FA862119F6250,CAE USA INC.,321230856.86,B-2 TRAINING SYSTEM,,336413,2018-12-27,2027-05-28,Department of Defense
N0001923F2584,LOCKHEED MARTIN CORPORATION,317691009.8,LOT 17 BATCH 1A AME FOR ALL F-35 CUSTOMERS,,336413,2023-02-23,2028-06-30,Department of Defense
N0001921F0436,LOCKHEED MARTIN CORPORATION,315537673.98,BSP/GSP SPARES PART 2,,336413,2021-09-15,2026-11-28,Department of Defense
N0038322F0ZV0,BELL BOEING JOINT PROJECT OFFICE,313843632.0,V-22 PBL (POP 1:  06 JAN 2022 - 05 JAN 2023),,336413,2022-01-06,2023-01-05,Department of Defense
FA862017F4757,L3HARRIS TECHNOLOGIES INTEGRATED SYSTEMS L.P.,311700451.7,ACAT III BIG SAFARI,,336413,2017-08-30,2025-12-31,Department of Defense
FA862020F4858,L3HARRIS TECHNOLOGIES INTEGRATED SYSTEMS L.P.,310314973.0,BIG SAFARI,,336413,2020-04-02,2027-08-30,Department of Defense
FA862120F6310,NOVA TECHNOLOGIES AN EMPLOYEE-OWNED ENGINEERING COMPANY,303155945.49,C130-J MAINTENANCE AND AIRCREW TRAINING SYSTEM,,336413,2020-01-08,2025-12-31,Department of Defense
FA873018C0003,THE BOEING COMPANY,302294994.04,ROYAL SAUDI AIRFORCE (RSAF) AIRBORNE WARNING AND CONTROL SYSTEM (AWACS) MODERNIZATION PROGRAM (RAMP) PHASE I,,336413,2017-10-16,2026-03-26,Department of Defense
TH05,THE BOEING COMPANY,301171783.0,17 F18 A-D FLIGHT CONTROL SURFACE NIINS,,336413,2016-08-01,2022-11-30,Department of Defense
FA862121F6253,CAE USA INC.,301042505.59,KC-135 TRAINING SYSTEMS,,336413,2021-04-01,2028-08-31,Department of Defense
N0001920F0785,LOCKHEED MARTIN CORPORATION,300894453.95,FY20 BSP/GSP SPARES,,336413,2020-04-30,2027-08-15,Department of Defense
W58RGZ20F0464,LONGBOW LLC,298531205.99,REU PRODUCTION LOTS 7-11 OP 5 USA/FMS,,336413,2020-09-03,2027-04-30,Department of Defense
FA862018F4801,L3HARRIS TECHNOLOGIES INTEGRATED SYSTEMS L.P.,285207126.44,BIG SAFARI,,336413,2017-11-03,2022-04-02,Department of Defense
N0001923F0468,LOCKHEED MARTIN CORPORATION,283360296.93,FY23 SPARES DELIVERY ORDER,,336413,2023-07-03,2029-09-04,Department of Defense
FA862117F6255,CYMSTAR LLC,269699361.12,TRAINING SYSTEM ACQUISITIONS III TASK ORDER  C-5 AIR CREW TRAINING SYSTEM.,,336413,2017-09-11,2025-10-31,Department of Defense
FA863425CB002,THE BOEING COMPANY,262218226.29,F-15 EAGLE ACTIVE PASSIVE WARNING SURVIVABILITY SYSTEM (EPAWSS) FULL-RATE PRODUCTION (FRP),,336413,2025-01-06,2030-12-31,Department of Defense
N0001918C0004,GE AVIATION SYSTEMS LLC,251320826.3,IGF::OT::IGF G3-G4 KIT RAAF E/F,,336413,2017-12-15,2025-10-31,Department of Defense
N0001922F2059,LOCKHEED MARTIN CORPORATION,249930881.0,GSP 48+ MONTH ARO PART 2,,336413,2022-09-28,2028-11-20,Department of Defense
FA862019F4868,L3HARRIS TECHNOLOGIES INTEGRATED SYSTEMS L.P.,249376994.0,BIG SAFARI,,336413,2019-03-01,2024-10-08,Department of Defense
SPRTA121F0016,NORTHROP GRUMMAN SYSTEMS CORPORATION,246428548.83,PIPE  EXHAUST AND PIPE  EXHAUST,,336413,2020-12-29,2025-07-01,Department of Defense
FA862019F4872,L3HARRIS TECHNOLOGIES INTEGRATED SYSTEMS L.P.,239521069.0,BIG SAFARI,,336413,2019-03-28,2025-12-31,Department of Defense
FA873018C0001,THE BOEING COMPANY,235469877.04,JAPAN AWACS MISSION COMPUTING UPGRADE (MCU) INSTALLATION&CHECKOUT (I&CO),,336413,2018-02-12,2027-09-03,Department of Defense
N0001925C0009,LOCKHEED MARTIN CORPORATION,233000000.0,NEW CONTRACT FOR IRST RFP 1,,336413,2025-09-30,2029-09-29,Department of Defense
N0001923F0041,NORTHROP GRUMMAN SYSTEMS CORPORATION,220500476.78,THE PURPOSE OF THIS DELIVERY ORDER IS TO RETROFIT B9  B10  MB6P INTO THE IFC4.2 CONFIGURATION.,,336413,2023-08-23,2029-06-15,Department of Defense
FA862121C0001,THE BOEING COMPANY,220459055.38,F-15 SIMULATORS MISSION TRAINING CENTER FOLLOW ON SECTION 889,,336413,2021-07-01,2028-03-17,Department of Defense
W58RGZ19F0163,DEFENSE SYSTEMS AND SOLUTIONS,220430020.0,THIS EFFORT IS TO PROVIDE PRODUCTION-REPRESENTATIVE HARDWARE KITS AND CORRESPONDING PRODUCTION SUPPORT FOR THE UH-60V PROGRAM.,,336413,2019-04-01,2027-11-30,Department of Defense
N0001919F4216,LOCKHEED MARTIN CORPORATION,219514779.49,FY19 BSP/GSP AV INITIAL SPARES,,336413,2019-09-17,2025-11-13,Department of Defense
FA862021F4703,BAE SYSTEMS INFORMATION AND ELECTRONIC SYSTEMS INTEGRATION INC.,216015287.73,BIG SAFARI,,336413,2021-06-30,2027-04-30,Department of Defense
FA862118F6261,AERO SIMULATION  INC.,214799118.72,B-1 TRAINING SYSTEM (TS),,336413,2018-09-25,2026-06-30,Department of Defense
N0038324F0SU0,SIKORSKY AIRCRAFT CORPORATION,213497223.46,H53 PHASE III POP 1 DELIVERY ORDER,,336413,2023-11-01,2024-09-30,Department of Defense
SPRPA120FCD01,BELL BOEING JOINT PROJECT OFFICE,210645163.1,PBL&E EFFORT FOR THE V-22 PROGRAM,,336413,2019-12-01,2020-11-30,Department of Defense
N0001921F0327,BELL BOEING JOINT PROJECT OFFICE,209424516.54,NON-RECURRING ENGINEERING (NRE)FOR V-22 FLIGHT CONTROL SYSTEM.,,336413,2021-09-30,2026-06-30,Department of Defense
N0001922F2503,LOCKHEED MARTIN CORPORATION,205877101.0,F/A-18 IRST LRIP 6 BUY,,336413,2022-06-30,2026-10-30,Department of Defense
FA869122F1000,GOODRICH CORPORATION,205459786.89,MS-110 TAIWAN BASIC DELIVERY  ORDER,,336413,2021-12-21,2027-11-30,Department of Defense
TH13,THE BOEING COMPANY,203128530.28,9 F/A-18 A-F FLIGHT CONTROL SURFACE NIINS PLUS UP QUANTITIES,,336413,2017-08-28,2027-07-31,Department of Defense
FA813419F0001,THE BOEING COMPANY,191680354.58,SUSTAINMENT SUPPORT FOR THE E-4B FLEET.,,336413,2018-11-30,2025-09-30,Department of Defense
FA862024F4706,BAE SYSTEMS INFORMATION AND ELECTRONIC SYSTEMS INTEGRATION INC.,186990953.0,BIG SAFARI,,336413,2023-11-30,2027-03-31,Department of Defense
FA862113C6256,LOCKHEED MARTIN CORPORATION,185214961.5,SAUDI F-15SA FLEET MODERNIZATION SIMULATOR LINE,,336413,2012-12-31,2026-09-30,Department of Defense
W58RGZ23F0149,LOCKHEED MARTIN CORPORATION,182951925.54,MODERNIZED TARGET ACQUISITION DESIGNATION SIGHT/PILOT NIGHT VISION SENSOR (M-TADS/PNVS) SYSTEMS - AUSTRALIA,,336413,2022-12-14,2027-11-30,Department of Defense
N0001918C1022,THE BOEING COMPANY,180938008.44,IRST BLOCK II PHASE II NRE,,336413,2018-08-17,2025-02-28,Department of Defense
0112,BELL BOEING JOINT PROJECT OFFICE,176706974.48,NON-RECURRING ENGINEERING FOR V-22 FOR GOVERNMENT OF JAPAN.,,336413,2015-09-15,2019-06-28,Department of Defense
N0001919F4233,LOCKHEED MARTIN CORPORATION,176543906.0,LOTS 12 AND 13 GEN 3 HEAVY HMDS,,336413,2019-09-25,2024-12-31,Department of Defense
0001,THE BOEING COMPANY,165939592.4,IGF::CT::IGF   E-4B SUSTAINMENT SERVICES,,336413,2015-12-01,2024-11-30,Department of Defense
N0038325F0NA0,BELL TEXTRON INC,165263874.0,H-1 PBL YEAR 1 DELIVERY ORDER,,336413,2025-01-01,2025-12-31,Department of Defense
N0038323F0SU0,SIKORSKY AIRCRAFT CORPORATION,164871363.85,H53 PHASE III POP 1 DELIVERY ORDER,,336413,2023-01-01,2023-10-31,Department of Defense
FA862020F4837,L3HARRIS TECHNOLOGIES INTEGRATED SYSTEMS L.P.,164078525.7,BIG SAFARI,,336413,2020-03-25,2022-10-31,Department of Defense
N0001918F1658,BELL BOEING JOINT PROJECT OFFICE,160132399.52,INTEGRATED LOGISTIC SUPPORT,,336413,2017-12-01,2019-01-21,Department of Defense
FA813421F0001,THE BOEING COMPANY,158636357.66,SUSTAINMENT SUPPORT FOR THE E-4B FLEET,,336413,2020-12-01,2027-01-31,Department of Defense
N0001921F0709,LOCKHEED MARTIN CORPORATION,156840061.0,BLADE ASSEMBLY MAIN,,336413,2021-08-31,2026-12-31,Department of Defense
0130,BELL BOEING JOINT PROJECT OFFICE,154901772.0,V-22 NAVY VARIANT NRE - COMPLETION,,336413,2016-03-31,2021-09-30,Department of Defense
N0001921F0064,NORTHROP GRUMMAN SYSTEMS CORPORATION,154828642.66,E-2D AERIAL REFUELING RETROFIT KITS AND INSTALLATION,,336413,2021-01-19,2026-08-31,Department of Defense
N0038325FYY2B,THE BOEING COMPANY,154408112.0,PARTS KIT LANDING G,,336413,2025-08-25,2028-05-22,Department of Defense
FA823218C0011,LOCKHEED MARTIN CORPORATION,153771336.02,PROVISION ITEM ORDER  FOREIGN MILITARY SALES  F-16 INITIAL SPARES,,336413,2018-03-20,2027-11-18,Department of Defense
N0038319FA34Y,THE BOEING COMPANY,153419667.99,PARTS KIT LANDING G,,336413,2019-09-25,2024-09-30,Department of Defense
FA862024F4829,L3HARRIS TECHNOLOGIES INTEGRATED SYSTEMS L.P.,152537035.91,BIG SAFARI,,336413,2023-11-30,2025-03-31,Department of Defense
FA861717F6230,DELAWARE RESOURCE GROUP OF OKLAHOMA LLC,150648693.21,TSA III GBTS CLS - CONTINUED CONTRACT,,336413,2017-04-24,2024-12-31,Department of Defense
FA862116C6281,PINNACLE SOLUTIONS  LLC,149984878.88,IGF::OT::IGF KC-10 TRAINING SYSTEM,,336413,2015-12-30,2021-12-14,Department of Defense
W58RGZ23F0140,DEFENSE SYSTEMS AND SOLUTIONS,149520630.0,REQUIREMENT TO PROVIDE FOR THE PERSONNEL  MATERIALS  FACILITIES  SERVICES  AND SUPPORT REQUIRED TO DESIGN  MODIFY  VERIFY  AND DOCUMENT SYSTEM PERFORMANCE AND AIRWORTHINESS TO DELIVER UH-60M AIRCRAFT ,,336413,2023-03-30,2031-02-28,Department of Defense
N0042120F1124,J.F. TAYLOR  INC.,146103337.43,NEW TASK ORDER,,336413,2019-11-25,2024-12-01,Department of Defense
FA862114C6338,CYMSTAR SERVICES LLC,145427956.76,IGF::CT::IGF C-130J MATS O&S,,336413,2014-09-02,2023-07-24,Department of Defense
N0001920F0256,LOCKHEED MARTIN CORPORATION,144286254.66,FY20 PHASE 1-2 SPARES AND SUPPORT LABOR,,336413,2020-09-15,2026-12-31,Department of Defense
